phone_number,,
515.123.4567,+91515.123.4567,+91515.123.4567
515.123.4568,+91515.123.4568,
515.123.4569,+91515.123.4569,
590.423.4567,+91590.423.4567,
590.423.4568,+91590.423.4568,
590.423.4569,+91590.423.4569,
590.423.4560,+91590.423.4560,
590.423.5567,+91590.423.5567,
515.124.4569,+91515.124.4569,
515.124.4169,+91515.124.4169,
515.124.4269,+91515.124.4269,
515.124.4369,+91515.124.4369,
515.124.4469,+91515.124.4469,
515.124.4567,+91515.124.4567,
515.127.4561,+91515.127.4561,
515.127.4562,+91515.127.4562,
515.127.4563,+91515.127.4563,
515.127.4564,+91515.127.4564,
515.127.4565,+91515.127.4565,
515.127.4566,+91515.127.4566,
650.123.1234,+91650.123.1234,
650.123.2234,+91650.123.2234,
650.123.3234,+91650.123.3234,
650.123.4234,+91650.123.4234,
650.123.5234,+91650.123.5234,
650.124.1214,+91650.124.1214,
650.124.1224,+91650.124.1224,
650.124.1334,+91650.124.1334,
650.124.1434,+91650.124.1434,
650.124.5234,+91650.124.5234,
650.124.6234,+91650.124.6234,
650.124.7234,+91650.124.7234,
650.124.8234,+91650.124.8234,
650.127.1934,+91650.127.1934,
650.127.1834,+91650.127.1834,
650.127.1734,+91650.127.1734,
